,group_name,group_size,mean_regend_Base,std_regend_Base,mean_regend_Anh,std_regend_Anh,mean_hindsight,std_hindsight
0,circle,49857,15.251997110388576,0.2172319833509535,0.7259449314606489,0.08911664474440698,23.57113888539598,0.0005431270933636033
1,square,30044,15.434646792583441,0.13038328421628897,0.6325698318397185,0.05795994558655845,14.123001036686238,0.00045769452333791096
2,triangle,20099,12.129030335953217,0.10411094027153861,0.7589509662176225,0.04041777664884485,9.434455236985581,0.0005909673704908013
3,green,59985,10.017408486535388,0.15036835542480417,-14.132259299839756,0.19289140114054448,38.805431012995534,0.0006741227205859156
4,red,40015,14.751903858956979,0.15578221640451362,-1.796636864075213,0.16613685563466124,26.369526039505292,0.0001925352997062805
5,always_on,100000,0.7638470011019237,0.05812061389078345,-39.93436150830535,0.09922534959573019,89.18042239689107,0.0009128990826863938
