,group_name,group_size,mean_regend_Base,std_regend_Base,mean_regend_Anh,std_regend_Anh,mean_regend_Anh,std_regend_Anh,mean_hindsight,std_hindsight
0,circle,49857,28.83627778,0.446174112,-38.65823501,0.212784852,-38.62794101,0.171283913,77.14104293,0.001184785
1,square,30044,92.10455663,0.635800047,-0.332232081,0.323067949,-0.278615719,0.272126561,54.86542105,0.002323326
2,triangle,20099,12.02561482,0.197237656,-15.10538007,0.084736432,-15.15361174,0.085938075,30.67256332,0.001042692
3,green,59985,75.89247362,0.886532267,1.26918628,0.0703915,1.308637979,0.070117809,28.94996793,0.000537757
4,red,40015,112.4863179,0.875813006,0.047308836,0.268476857,0.043535816,0.259959594,78.3167171,0.001841657
5,always_on,100000,1.256040226,0.09039679,-185.8062562,0.248758245,-185.7705775,0.247697076,294.3894363,0.003961691